text,count,percentage
https://amuse.readthedocs.io,3,1.3
https://mycoai.github.io/taxotagger,3,1.3
https://indigo-dc.gitbooks.io/token-translation-service/content/config.html,2,0.87
https://annubs.github.io/annubes/latest/,2,0.87
https://basicpy.readthedocs.io/en/latest/,2,0.87
https://jhidding.github.io/GraphvizDotLang.jl,2,0.87
http://deeptools.readthedocs.org/,2,0.87
https://docs.vantage6.ai,2,0.87
https://datasail.readthedocs.io/en/latest/index.html,2,0.87
https://cat.readthedocs.io/en/latest/,2,0.87
https://peak-performance.readthedocs.io/en/latest,2,0.87
https://juliaparallel.github.io/MPI.jl/stable/,2,0.87
https://xaratustrah.github.io/iqtools,2,0.87
https://nest-simulator.org/documentation,2,0.87
https://keyproject.github.io/key-docs/devel/,2,0.87
https://PartitionedArrays.github.io/PartitionedArrays.jl/dev,2,0.87
https://PartitionedArrays.github.io/PartitionedArrays.jl/stable,2,0.87
https://orange-story-navigator.readthedocs.io/en/latest/,2,0.87
http://www.openpstd.org/wiki/index.php/OpenPSTD,2,0.87
https://icos-carbon-portal.github.io/pylib/,1,0.43
https://cmeessen.github.io/VelocityConversion/,1,0.43
https://udopia.github.io/gbdc/doc/Index.html,1,0.43
https://omuse.readthedocs.io,1,0.43
https://mole-docs.readthedocs.io/en/latest/,1,0.43
https://github.com/csrc-sdsu/mole/blob/main/doc/sphinx/README.md,1,0.43
https://basicpy.readthedocs.io/,1,0.43
http://deeptools.readthedocs.org/en/latest/index.html,1,0.43
http://agatedoc.obiba.org,1,0.43
https://www.chemotion.net/docs/eln,1,0.43
https://dhdt.readthedocs.io/en/latest/?badge=latest,1,0.43
https://sumo.sourceforge.net/docs,1,0.43
https://www.gitbook.com/book/indigo-dc/token-translation-service/details,1,0.43
https://mibipret.github.io/mibiremo/,1,0.43
https://laserfarm.readthedocs.io/en/latest/?badge=latest,1,0.43
https://laserfarm.readthedocs.io/en/latest/,1,0.43
https://teamtomo.github.io/membrain-seg/,1,0.43
https://eit-alive.github.io/eitprocessing/,1,0.43
https://brainspinner.github.io/cvasl,1,0.43
https://sumo.dlr.de/docs,1,0.43
https://rasa.com/docs/rasa/,1,0.43
https://luhipi.github.io/sarvey/main,1,0.43
https://massbank.github.io/MassBank-documentation,1,0.43
https://sirup-vpn.readthedocs.io/en/latest/?badge=latest,1,0.43
https://perun.readthedocs.io/en/latest/?badge=latest,1,0.43
https://ecoextreml.github.io/STEMMUS_SCOPE/,1,0.43
https://pystemmusscope.readthedocs.io,1,0.43
https://alpaca-prov.readthedocs.io/en/latest/?badge=latest,1,0.43
https://alpaca-prov.readthedocs.io/en/latest/,1,0.43
https://danschef.git-pages.gfz-potsdam.de/arosics/doc/,1,0.43
https://www.icos-cp.eu/sites/default/files/2022-03/ICOS_handbook_2022_WEB.pdf,1,0.43
http://picongpu.readthedocs.io,1,0.43
https://grainlearning.readthedocs.io/en/latest/,1,0.43
https://rasa.com/docs/rasa,1,0.43
https://fesom2.readthedocs.io/en/latest/index.html,1,0.43
https://umple.org/devsetup,1,0.43
https://manual.umple.org,1,0.43
https://sumo.dlr.de/docs/,1,0.43
https://grainlearning.readthedocs.io/en/latest/?badge=latest,1,0.43
https://github.com/strohne/Facepager/wiki,1,0.43
https://picongpu.readthedocs.io,1,0.43
https://dlr-rm.github.io/BlenderProc,1,0.43
https://kit-data-manager.github.io/webpage/base-repo/index.html,1,0.43
https://entangled.github.io/brei,1,0.43
https://hz-b.github.io/rayx/,1,0.43
 https://docs.astral.sh/ruff/,1,0.43
http://pyxenon.readthedocs.io/en/latest/?badge=latest,1,0.43
https://github.com/cdk/cdk/wiki,1,0.43
http://cdk.github.io/cdk/latest/docs/api/index.html?overview-summary.html,1,0.43
https://root.cern/guides/reference-guide,1,0.43
https://damnit.readthedocs.io/en/latest/?badge=latest,1,0.43
https://damnit.rtfd.io,1,0.43
https://dianna.readthedocs.io/en/latest/?badge=latest,1,0.43
https://4c-multiphysics.github.io/4C/documentation/installation/installation.html,1,0.43
https://dianna.readthedocs.io/en/latest,1,0.43
https://drcandacemakedamoore.github.io/cleanX/,1,0.43
https://openpmd-api.readthedocs.io/en/latest/?badge=latest,1,0.43
https://exploreasl.github.io/Documentation/,1,0.43
https://exploreasl.github.io/Documentation,1,0.43
http://docs.transientskp.org/,1,0.43
https://lightning-uq-box.readthedocs.io/en/latest/,1,0.43
https://bandit.readthedocs.io/en/latest/,1,0.43
https://www.limesurvey.org/manual,1,0.43
http://emcee.readthedocs.io/en/latest/?badge=latest,1,0.43
http://theory.gsi.de/~smash/doc/current/,1,0.43
https://4c-multiphysics.github.io/4C/documentation/,1,0.43
https://lorenzobonaguro.github.io/cyCONDOR/,1,0.43
http://vitessce.io/,1,0.43
http://modal-python.readthedocs.io/en/latest/?badge=latest,1,0.43
https://oncoray.github.io/mirp/,1,0.43
https://openncem.readthedocs.io/en/latest/,1,0.43
https://hereon-gems.github.io/pydidas/,1,0.43
https://kunefe.readthedocs.io/en/latest/?badge=latest,1,0.43
https://readthedocs.org/projects/kunefe/,1,0.43
https://apps.fz-juelich.de/jsc/jube/docu/index.html,1,0.43
https://powersensor3.readthedocs.io/,1,0.43
http://amrvac.org/,1,0.43
https://docs.sciml.ai/SciMLStyle/stable/,1,0.43
http://vitessce.io/docs/js-overview/,1,0.43
https://singularity.hpcng.org/user-docs/master/,1,0.43
https://satsense.readthedocs.io/en/latest/?badge=latest,1,0.43
https://postwrf.readthedocs.io/en/master,1,0.43
https://emvoice.readthedocs.io/en/latest/index.html,1,0.43
https://excited-workflow.readthedocs.org/,1,0.43
https://excited-workflow.readthedocs.io/,1,0.43
https://github.com/KIT-TVA/CorC/wiki,1,0.43
https://hpscterrsys.github.io/TSMP/index.html,1,0.43
https://bioconductor.org/packages/release/bioc/vignettes/methylKit/inst/doc/methylKit.html,1,0.43
https://bonidia.github.io/BioAutoML/,1,0.43
https://singularity.hpcng.org/docs/,1,0.43
https://modAL-python.github.io,1,0.43
https://github.com/GCRC/nunaliit/wiki/ describes,1,0.43
https://cocos-map.readthedocs.io,1,0.43
https://ukis-pysat.readthedocs.io/en/latest/?badge=latest,1,0.43
https://manifoldai.github.io/merf/,1,0.43
https://memilio.readthedocs.io/en/latest/index.html,1,0.43
https://allantools.readthedocs.io/en/latest/,1,0.43
https://allantools.readthedocs.org,1,0.43
https://simpa.readthedocs.io/en/develop/?badge=develop,1,0.43
https://jakobrunge.github.io/tigramite/,1,0.43
https://spex-xray.github.io/pyspextools/,1,0.43
https://team-raddish.github.io/ParticleDA.jl/dev/,1,0.43
https://tamarin-prover.github.io/manual/index.html,1,0.43
https://chase-library.github.io/ChASE/quick-start.html,1,0.43
https://www.gymlibrary.dev/,1,0.43
https://jupyterhub.readthedocs.io,1,0.43
https://media.readthedocs.org/pdf/jupyter/latest/jupyter.pdf,1,0.43
https://jupyter.readthedocs.io/en/latest/index.html,1,0.43
https://wam2layers.readthedocs.io/en/latest/?badge=latest,1,0.43
https://wam2layers.readthedocs.io/en/latest/,1,0.43
https://jumpdiff.readthedocs.io/,1,0.43
https://esmvaltool.readthedocs.io/en/latest/?badge=latest,1,0.43
https://era5cli.readthedocs.io/en/stable/?badge=stable,1,0.43
https://era5cli.readthedocs.io,1,0.43
https://wadpac.github.io/GGIR/,1,0.43
https://ukis-pysat.readthedocs.io/en/latest/,1,0.43
https://openms.readthedocs.io/en/latest,1,0.43
https://cocos-map.readthedocs.io/en/latest/?version=latest,1,0.43
http://www.openms.de/current_doxygen/html/,1,0.43
https://qmflows.readthedocs.io/en/latest/?badge=latest,1,0.43
https://qmflows.readthedocs.io/en/latest/,1,0.43
https://varfish-server.readthedocs.io/en/latest/?badge=latest,1,0.43
https://varfish-server.readthedocs.io/en/latest/,1,0.43
https://heat.readthedocs.io/en/latest/?badge=latest,1,0.43
https://heat.readthedocs.io/,1,0.43
https://minion-py.readthedocs.io/en/latest/,1,0.43
https://minion-py.readthedocs.io/,1,0.43
https://fastscape.readthedocs.io/en/latest/,1,0.43
https://keyproject.github.io/key-docs/,1,0.43
https://seisbench.readthedocs.io/en/latest/,1,0.43
https://seisbench.readthedocs.io/,1,0.43
https://github.com/ANNUBS/annubes/blob/main/README.dev.md,1,0.43
https://simcats.readthedocs.io,1,0.43
https://mala-project.github.io/mala/,1,0.43
https://github.com/jplag/JPlag/wiki,1,0.43
https://grafana.com/docs/,1,0.43
https://muscle3.readthedocs.io/en/develop/?badge=develop,1,0.43
https://muscle3.readthedocs.io,1,0.43
https://parflow.readthedocs.io/en/latest/index.html,1,0.43
https://scholia.readthedocs.io/en/latest/?badge=latest,1,0.43
https://quafing.readthedocs.io/en/latest/?badge=latest,1,0.43
https://readthedocs.org/projects/cookiecutter/?badge=latest,1,0.43
https://cookiecutter.readthedocs.io,1,0.43
https://orange3-argument.readthedocs.io/en/latest/,1,0.43
https://docs.overture.bio/docs/core-software/Arranger/setup\n,1,0.43
https://docs.overture.bio/docs/core-software/Arranger/setup,1,0.43
https://alpaka.readthedocs.io,1,0.43
https://alpaka-group.github.io/alpaka/,1,0.43
https://github.com/plaque2/PyPlaque/wiki,1,0.43
https://t8code.readthedocs.io/en/latest/,1,0.43
https://github.com/DLR-AMR/t8code/wiki,1,0.43
https://github.com/OpenChrom/openchrom/wiki,1,0.43
https://mapreader.readthedocs.io/en/latest,1,0.43
https://mapreader.readthedocs.io/en/latest/,1,0.43
http://www.parallel-in-time.org/pySDC,1,0.43
https://docs.google.com/document/d/1iQxSwqBW3VdIXHm-AtV4TGlgpJPDldogVx6qzscsGxA/edit?usp=sharing provides step-by-step,1,0.43
https://docs.google.com/document/d/1iQxSwqBW3VdIXHm-AtV4TGlgpJPDldogVx6qzscsGxA/edit?usp=sharing,1,0.43
http://docs.datalad.org,1,0.43
http://www.pism.io/docs,1,0.43
https://InPhyT.github.io/UnrollingAverages.jl/stable,1,0.43
https://InPhyT.github.io/UnrollingAverages.jl/dev,1,0.43
https://GalerkinToolkit.github.io/GalerkinToolkit.jl/dev/,1,0.43
https://fzj-iek3-vsa.github.io/mode_behave/,1,0.43
https://github.com/geomedialab/atlas-template/wiki/,1,0.43
https://github.com/geomedialab/atlascine-template/wiki/Developer-documentation,1,0.43
https://docs.overture.bio/docs/core-software/Arranger/overview,1,0.43
http://cerise.readthedocs.io/en/latest/?badge=latest,1,0.43
https://elephant.readthedocs.io/en/latest/,1,0.43
https://juaml.github.io/julearn/index.html,1,0.43
https://orange3-argument.readthedocs.io/en/latest/index.html,1,0.43
https://github.com/ubc-library/geodisy/blob/master/Documentation/index.md,1,0.43
https://aiida-kkr.readthedocs.io/en/latest/?badge=latest,1,0.43
http://aiida-kkr.readthedocs.io,1,0.43
https://github.com/FairRootGroup/FairMQ/blob/dev/README.md,1,0.43
http://yasgui-with-rosemary.github.io/docs,1,0.43
https://python-icat.readthedocs.io/,1,0.43
https://tfp-photonics.github.io/treams,1,0.43
https://docs.rs/rtlola-frontend,1,0.43
https://pyglotaran.readthedocs.io/en/latest/,1,0.43
https://elephant.readthedocs.io/en/latest/?badge=latest,1,0.43
http://nlppln.readthedocs.io/en/latest/?badge=latest,1,0.43
https://fwl-proteus.readthedocs.io/en/latest/index.html,1,0.43
http://spirit-docs.readthedocs.io,1,0.43
https://iffwiki.fz-juelich.de/index.php/Spirit,1,0.43
https://ultimodel.readthedocs.io/en/latest/?badge=latest,1,0.43
https://JuliaBesties.github.io/BestieTemplate.jl/stable,1,0.43
https://JuliaBesties.github.io/BestieTemplate.jl/dev,1,0.43
https://esm-tools.readthedocs.io/en/latest/index.html,1,0.43
https://numpy.org/doc,1,0.43
emcee.readthedocs.io,1,0.43
